framework,time_train_s,metric_error,time_infer_s,bestdiff,loss_rescaled,time_train_s_rescaled,time_infer_s_rescaled,rank,rank=1_count,rank=2_count,rank=3_count,rank>3_count,error_count
AutoGluon_mq_1h8c_2022_06_26_binary,748.1911917098446,67088.95021255958,0.002335762289264966,0.1300216930109113,0.28500346886653505,92.26399771951064,156.91894566644734,3.232642487046632,226,169,141,429,22
lightautoml_1h8c_gp3_2022_jmlr,3121.0890155440416,66277.60828630051,0.2557804565809242,0.12565969275447608,0.2665213638211772,3723.2496365688326,773.4859328124228,3.3430051813471504,158,182,204,421,44
flaml_1h8c_gp3_2022_jmlr,3709.6088082901556,67539.64100665285,0.002289268511561647,0.13725308353398027,0.28778150275427017,3979.51900061956,30.804358166033623,3.4756476683937825,156,185,148,476,18
H2OAutoML_1h8c_gp3_2022_jmlr,3614.9539896373058,66537.00989953367,0.001599313355856026,0.14221756996734874,0.2972138937397335,3959.59677403978,151.23666119483795,3.5471502590673576,164,152,190,459,10
autosklearn_1h8c_gp3_2022_jmlr,3679.844974093264,66425.49108456995,0.004846449104376039,0.1391265877588261,0.3851992610637772,4031.6483282416057,1019.3319710403538,4.278756476683938,118,93,121,633,2
AutoGluon_mq_4h64c_2022_06_21_autogluon_single,159.1654806384151,67779.32620373057,0.000601614022307077,0.1581537966396963,0.41986265791921334,1.0126518676981753,36.40449457096826,4.310362694300518,80,146,112,627,11
TunedRandomForest_1h8c_gp3_2022_jmlr,2574.9376165803105,65234.16044995855,0.001736041069055079,0.25950157634236215,0.7662570426420192,2016.9703947251949,195.42441579169798,5.812435233160622,37,35,49,844,0
