framework,time_train_s,metric_error,time_infer_s,bestdiff,loss_rescaled,time_train_s_rescaled,time_infer_s_rescaled,rank,rank=1_count,rank=2_count,rank=3_count,rank>3_count,error_count
AutoGluon_bq_1h8c_2023_02_20_bool_test,2063.702976190476,0.22192738095238096,22.411488095238095,0.062407731157612924,0.08720049792825788,7993.07714576598,1203.2983389577048,2.199404761904762,71,34,29,34,0
AutoGluon_bq_1h8c_2023_02_20_bool_test_autogluon_single,667.2116896935871,0.22364589285714287,16.33770582363719,0.092322305820945,0.2009883491872119,705.8748908655913,569.5198430687904,3.3660714285714284,21,34,28,85,0
AutoGluon_hq_1h8c_2023_02_20_bool_test,2197.7946428571427,0.2308929761904762,2.300422619047619,0.11067748486132704,0.2570991579619421,8132.690104060187,52.704274027001716,3.517857142857143,5,45,33,85,0
AutoGluon_gq_1h8c_2023_02_20_bool_test,2176.744642857143,0.23446934523809523,1.7499583333333333,0.11988499683252751,0.2879119169552056,8003.978047582236,36.291757467084416,3.7470238095238093,9,24,32,103,0
AutoGluon_mq_1h8c_2023_02_20_bool_test,347.32678571428573,0.2470620238095238,1.681517857142857,0.15508545669694446,0.3428162398562541,121.57711327071787,23.832281604087388,4.2023809523809526,16,12,21,119,0
AutoGluon_mq_1h8c_2023_02_20_bool_test_autogluon_single,88.13948689330192,0.24401511904761905,0.24460267027219132,0.1599081008839575,0.47750542821095915,24.21809275858862,4.98827436963204,4.970238095238095,8,12,11,137,0
AutoGluon_mq_1h8c_2023_02_20_bool_test_LightGBM,38.8970560715312,0.2763189880952381,0.4828198396024249,0.2806757475397925,0.7835957934149542,2.235310188914004,2.3418520327136214,5.997023809523809,1,8,7,152,0
